{
    "Total Expenses": 4925.49,
    "Top Expense": "Food",
    "Top Expense Amount": 536.5,
    "Average Daily Spend: ": 52.96225806451613,
    "Number of Transactions: ": 93,
    "Savings Earned: ": 906.5555530365057
}